task_id,topic,level,gold,pred,n_run_python,n_thinking,n_response,last_code_first_300c,last_result_first_200c,trace_status
15,fraud_metric,easy,7.787407,SF AGAIN彩彩 SF BY AGAIN上课时间 BY AGAIN上课时间 BY ANY AGAIN上课时间 SF BY AGAIN上课时间 SF ANY上,0,0,1,,,ok
16,fraud_metric,easy,Crossfit_Hanna,Golfclub_Baron_Friso,3,0,3,"# Step 3: Filter to 2023 and compute average fraud rate per merchant # Using vectorized operations for efficiency  # Filter for year 2023 df_2023 = df[df['year'] == 2023]  print(f""Total rows in 2023: {len(df_2023)}"") print(f""Merchants in 2023: {df_2023['merchant'].nunique()}"")  # Calculate average f",Total rows in 2023: 138236 Merchants in 2023: 5  Merchant fraud rates: merchant Golfclub_Baron_Friso        0.076834 Rafa_AI                     0.076943 Belles_cookbook_store       0.077340 Crossfit_,ok
17,fraud_metric,easy,8.91,7.683437,4,0,1," # Round to 6 decimal places as percentage lowest_fraud_rate_pct_rounded = round(lowest_fraud_rate * 100, 6) print(lowest_fraud_rate_pct_rounded) ",7.683437 ,ok
18,fraud_metric,easy,TransactPlus,SwiftCharge,2,0,4,"# Filter to year 2023 and compute avg fraud rate per card_scheme df_2023 = df[df['year'] == 2023]  # Check if we have data print(""Total rows in 2023:"", len(df_2023)) print(""Card schemes in 2023:"", df_2023['card_scheme'].unique())  # Compute fraud rate per card_scheme fraud_rates = df_2023.groupby('c",Total rows in 2023: 138236 Card schemes in 2023: ['NexPay' 'GlobalCard' 'SwiftCharge' 'TransactPlus']  Fraud rates by card_scheme in 2023:     card_scheme  fraud_rate 2   SwiftCharge    0.080245 1    ,ok
19,fraud_metric,easy,9.676954,8.024467,3,0,1,"# Round to 6 decimal places as percentage highest_fraud_rate = fraud_rates.max() percentage = highest_fraud_rate * 100 rounded_percentage = round(percentage, 6) print(rounded_percentage)",8.024467 ,ok
36,transaction_count,easy,2.688013,2.986691,3,0,1,"total_transactions = len(df) unique_shoppers = df['email_address'].nunique() print(total_transactions) print(unique_shoppers) print(round(total_transactions / unique_shoppers, 6))",138236 46284 2.986691 ,ok
43,reference_lookup,easy,90.696,274.334,3,0,1,"unique_emails = df['email_address'].nunique() total_amount = df['eur_amount'].sum() avg_per_email = total_amount / unique_emails print(round(avg_per_email, 3))",274.334 ,ok
49,reference_lookup,easy,B. BE,A. NL,4,0,4,"print(""A. NL"")",A. NL ,ok
58,fraud_metric,easy,9.765683,8.202812,3,0,3,"filter = (df['merchant'] == 'Crossfit_Hanna') & (df['year'] == 2023)  # Q3 2023: day_of_year from 182 to 273 filter_q3 = filter & (df['day_of_year'] >= 182) & (df['day_of_year'] <= 273) df_q3 = df[filter_q3]  if len(df_q3) == 0:     print(""Not Applicable"") else:     fraud_rate = df_q3['has_fraudulen",8.202812 ,ok
60,fraud_metric,easy,"Belles_cookbook_store, ES, SwiftCharge, Ecommerce","Martinis_Fine_Steakhouse, BE, SwiftCharge, Ecommerce",4,0,1,"print(f""{merchant_worst['merchant']}, {issuer_worst['issuing_country']}, {card_worst['card_scheme']}, {shopper_worst['shopper_interaction']}"")","Martinis_Fine_Steakhouse, BE, SwiftCharge, Ecommerce ",ok
61,fraud_metric,easy,Rafa_AI,Martinis_Fine_Steakhouse,6,0,1,"print(""Martinis_Fine_Steakhouse"")",Martinis_Fine_Steakhouse ,ok
70,fraud_metric,easy,Not Applicable,yes,13,0,5,# Summarize findings and determine answer # Martinis_Fine_Steakhouse has: # - Account type: H (Enterprise - Hospitality) # - MCC: 5812 (Restaurants) # - Capture delay: immediate # - Overall fraud rate by volume: 9.13% # - 9 out of 12 months have fraud rate > 8.3%  # The fee rules show: # - There are,yes ,ok
71,other,easy,Not Applicable,yes,8,0,1," # Let's double-check the calculation and make sure we understand ""excessive fraud threshold"" # From the manual, the fee rules have monthly_fraud_level with values like: # <7.2%, 7.2%-7.7%, 7.7%-8.3%, >8.3% # The highest bracket is >8.3%, which we can consider ""excessive fraud""  import pandas as pd ",Merchants with fraud rate > 8.3% in any month: 5 yes ,ok
889,aci_format,hard,"[A: 60.18, D: 88.00, C: 88.72, F: 93.75, G: 97.09, B: 128.42]",Moonbeam-code7C0Deb786Ce1911cBE19111C1918Ec7BE191191E191190Ce8BE1911737173E733-C,3,0,3,"# Filter for Crossfit_Hanna, card_scheme=GlobalCard, year=2023, June-August (day_of_year 152 to 243 for non-leap year) # June 1 is day 152, August 31 is day 243 in 2023 (not a leap year) filtered = df[     (df['merchant'] == 'Crossfit_Hanna') &     (df['card_scheme'] == 'GlobalCard') &     (df['year",Filtered rows: 4820      day_of_year        merchant card_scheme aci  eur_amount 35           189  Crossfit_Hanna  GlobalCard   D     1053.60 139          210  Crossfit_Hanna  GlobalCard   D       30.,ok
1275,delta_what_if,hard,0.120609,0.122408,5,0,1,"import pandas as pd import json  # Load fees.json with open(context_path('fees.json'), 'r') as f:     fees = json.load(f)  # Convert to DataFrame df_fees = pd.DataFrame(fees)  # Filter for SwiftCharge card scheme and credit transactions swiftcharge_credit = df_fees[     (df_fees['card_scheme'] == 'S",0.122408 ,ok
1278,delta_what_if,hard,0.352294,0.353053,4,0,1,"# Re-check: the manual states that if a field is null/empty, it means ""any"".   # The question only specifies: credit transactions, card scheme NexPay, transaction value 50 EUR. # Since no other attributes are specified (merchant, ACI, volume, etc.),  # we should average ALL NexPay credit fee rules, ",0.353053 ,ok
1279,delta_what_if,hard,0.338686,0.346440,9,0,1,"# Final answer print(f""0.346440"")",0.346440 ,ok
1280,delta_what_if,hard,0.344433,0.350172,4,0,1,print(0.350172),0.350172 ,ok
1281,delta_what_if,hard,0.560694,0.553984,4,0,2,# Calculate the fee for each rule for a transaction value of 100 EUR # fee = fixed_amount + rate * transaction_value / 10000  transaction_value = 100 fees_calculated = []  for fee in globalcard_credit_fees:     calculated_fee = fee['fixed_amount'] + fee['rate'] * transaction_value / 10000     fees_c,Average fee for GlobalCard credit transactions at 100 EUR: 0.5539837398373985 Rounded to 6 decimals: 0.553984 ,ok
1286,delta_what_if,hard,2.892936,2.912842,4,0,1,"# The question asks for the ""average fee"" for credit transactions with NexPay for a transaction value of 500 EUR # Since there are 95 matching fee rules, we need to compute the fee for each and take the average # Fee = fixed_amount + rate * transaction_value / 10000  transaction_value = 500 fees_lis",Number of matching rules: 95 Average fee: 2.912842105263157 Average fee rounded to 6 decimals: 2.912842 ,ok
1287,delta_what_if,hard,2.792051,2.8668,4,0,3,"import json  # The question asks for ""the average fee that the card scheme SwiftCharge would charge for a credit transaction value of 500 EUR"" # This means: among ALL SwiftCharge credit fee rules, what is the average fee for a 500 EUR transaction? # fee = fixed_amount + rate * transaction_value / 10",Number of rules: 125 Average fee: 2.866799999999999 Rounded to 6 decimals: 2.8668 ,ok
1290,delta_what_if,hard,5.715872,5.757053,5,0,6,"print(round(average_fee, 6))",5.757053 ,ok
1292,delta_what_if,hard,5.580200,5.714397,5,0,1,# Let's double-check by computing more carefully and ensuring we use the exact formula # fee = fixed_amount + rate * transaction_value / 10000 # transaction_value = 1000  avg_fee_exact = sum(rule['fixed_amount'] + rule['rate'] * 1000 / 10000 for rule in transactplus_credit) / len(transactplus_credit,5.714397 ,ok
1294,delta_what_if,hard,28.299358,28.510737,5,0,1,"# Let me double-check the calculation and make sure I'm averaging all NexPay credit rules correctly # The question asks: ""what would be the average fee that the card scheme NexPay would charge for a transaction value of 5000 EUR?"" # This means average across all NexPay credit fee rules  # Verify all",Total NexPay credit rules: 95 Sum of all fees: 2708.5199999999995 Average fee: 28.51073684210526 Average fee rounded to 6 decimals: 28.510737 ,ok
1295,delta_what_if,hard,27.325705,28.070400,4,0,2,"# Calculate the average fee across all SwiftCharge credit fee rules fees_list = [fee['calculated_fee'] for fee in swiftcharge_credit_fees] average_fee = sum(fees_list) / len(fees_list)  print(f""Number of SwiftCharge credit fee rules: {len(fees_list)}"") print(f""Average fee for 5000 EUR credit transac",Number of SwiftCharge credit fee rules: 125 Average fee for 5000 EUR credit transaction with SwiftCharge: 28.07040000000001 Rounded to 6 decimals: 28.0704 ,ok
1296,delta_what_if,hard,27.625533,28.300603,4,0,2,# Calculate the fee for each TransactPlus credit rule for a transaction value of 5000 EUR # fee = fixed_amount + rate * transaction_value / 10000  transactplus_credit = transactplus_credit.copy() transactplus_credit['fee'] = transactplus_credit['fixed_amount'] + transactplus_credit['rate'] * 5000 / ,Fee statistics for TransactPlus credit rules at 5000 EUR: Count: 116 Mean: 28.30060344827586 Min: 5.54 Max: 49.61  Average fee: 28.30060344827586 Rounded to 6 decimals: 28.300603 ,ok
1297,delta_what_if,hard,6.111782,6.051579,4,0,1,"# Filter to rules where card_scheme == 'GlobalCard' and is_credit == True globalcard_credit_rules = [r for r in fees if r['card_scheme'] == 'GlobalCard' and r['is_credit'] == True] print('Matching rules count:', len(globalcard_credit_rules))  # Calculate average fee for transaction value 1234 EUR tr","Matching rules count: 123 Rule 25: fixed=0.14, rate=57, fee=7.1738 Rule 37: fixed=0.09, rate=16, fee=2.0644 Rule 47: fixed=0.12, rate=44, fee=5.5496 Rule 71: fixed=0.12, rate=40, fee=5.056 Rule 78: fi",ok
1299,delta_what_if,hard,6.793763,6.977787,7,0,7,"print(""6.977787"")",6.977787 ,ok
1300,delta_what_if,hard,6.869852,7.03569,5,0,2,print(7.03569),7.03569 ,ok
1302,delta_what_if,hard,24.465811,24.648299,4,0,4,"# Calculate the average fee for all NexPay credit rules for a transaction value of 4321 EUR fees_for_4321 = [] for rule in nexpay_credit_rules:     fee = rule['fixed_amount'] + rule['rate'] * 4321 / 10000     fees_for_4321.append(fee)  average_fee = sum(fees_for_4321) / len(fees_for_4321) print(f""Nu",Number of NexPay credit rules: 95 Average fee for 4321 EUR transaction: 24.648299 EUR ,ok
1417,delta_what_if,hard,5.193265,4.640000,7,0,1,"# The average fee is 4.64 EUR. We need to print exactly the number rounded to 6 decimals. # 4.64 rounded to 6 decimals is 4.640000 avg_fee = 4.64 print(f""{avg_fee:.6f}"")",4.640000 ,ok
1427,delta_what_if,hard,7.229203,6.486381,7,0,1,"# Let me re-verify the calculation is correct print(f""Transaction value: {transaction_value} EUR"") print(f""Number of matching fee rules: {len(fees_list)}"") print(f""Sum of all fees: {sum(fees_list):.6f}"") print(f""Average fee: {sum(fees_list)/len(fees_list):.6f}"")  # Round to 6 decimals final_answer =",Transaction value: 1234 EUR Number of matching fee rules: 32 Sum of all fees: 207.564200 Average fee: 6.486381 Final answer rounded: 6.486381 ,ok
1433,merchant_lookup,hard,5813,"3000, 3001, 3002, 3003, 7011, 7032, 7512, 7513",4,0,1,"# Verify by checking which rules have this max fee max_fee_rules = [] for rule in fees:     fee = rule['fixed_amount'] + rule['rate'] * transaction_value / 10000     if fee == max_fee:         max_fee_rules.append(rule)  print(f""Number of rules with max fee: {len(max_fee_rules)}"") for r in max_fee_r","Number of rules with max fee: 1 ID=120, fixed=0.14, rate=98, mccs=[3000, 3001, 3002, 3003, 7011, 7032, 7512, 7513] 3000,3001,3002,3003,7011,7032,7512,7513 ",ok
1434,merchant_lookup,hard,5813,"3000, 3001, 3002, 3003, 7011, 7032, 7512, 7513",7,0,3,"print(""3000, 3001, 3002, 3003, 7011, 7032, 7512, 7513"")","3000, 3001, 3002, 3003, 7011, 7032, 7512, 7513 ",ok
1436,merchant_lookup,hard,"5814, 5815, 7832, 7922, 7995, 7999","3000, 3001, 3002, 3003, 7011, 7032, 7512, 7513",4,0,3,"result = ', '.join(map(str, sorted(most_expensive_mccs))) print(result)","3000, 3001, 3002, 3003, 7011, 7032, 7512, 7513 ",ok
1437,merchant_lookup,hard,"5814, 5815, 7832, 7922, 7995, 7999","3000, 3001, 3002, 3003, 7011, 7032, 7231, 7298, 7512, 7513, 7991, 8011, 8021, 80",7,0,1,"result = [3000, 3001, 3002, 3003, 7011, 7032, 7231, 7298, 7512, 7513, 7991, 8011, 8021, 8049, 8062] print("", "".join(map(str, result)))","3000, 3001, 3002, 3003, 7011, 7032, 7231, 7298, 7512, 7513, 7991, 8011, 8021, 8049, 8062 ",ok
1439,date_specific,hard,"5411, 5412, 5499, 5812, 5911, 5983","7231, 7298, 7991, 8011, 8021, 8049, 8062",5,0,5,"# The most expensive MCCs are [7231, 7298, 7991, 8011, 8021, 8049, 8062] # Let's format as a comma-separated list as requested  result = sorted(most_expensive_mccs) result_str = ', '.join(map(str, result)) print(result_str)","7231, 7298, 7991, 8011, 8021, 8049, 8062 ",ok
1440,date_specific,hard,"5411, 5412, 5499, 5812, 5911, 5983","7231, 7298, 7991, 8011, 8021, 8049, 8062",9,0,10,"# Output the answer as comma-separated list answer = ', '.join(str(mcc) for mcc in most_expensive_mccs) print(answer) ","7231, 7298, 7991, 8011, 8021, 8049, 8062 ",ok
1441,merchant_lookup,hard,"5411, 5412, 5499, 5812, 5911, 5983","7231, 7298, 7991, 8011, 8021, 8049, 8062",9,0,1,"# Let's verify our answer is correct by re-examining # The most expensive MCCs for a 10000 euro transaction are those with fee = 99.13 # These are: 7231, 7298, 7991, 8011, 8021, 8049, 8062  # Format as comma-separated list answer = "", "".join(str(mcc) for mcc in sorted([7231, 7298, 7991, 8011, 8021, ","7231, 7298, 7991, 8011, 8021, 8049, 8062 ",ok
1442,merchant_lookup,hard,"5411, 5412, 5499, 5812, 5911, 5983","7231, 7298, 7991, 8011, 8021, 8049, 8062",6,0,1,"# Format the answer as a comma-separated list answer = ', '.join(str(mcc) for mcc in most_expensive_mccs_sorted) print(answer)","7231, 7298, 7991, 8011, 8021, 8049, 8062 ",ok
1453,aci_format,hard,C,['B'],6,0,1,"# Let me verify by checking the specific rules that give the max fee for B and C print(""Rules with max fee for ACI B:"") for item in aci_fees['B']:     if item['fee'] == max_fees['B']:         print(f""  Rule {item['ID']}: fee={item['fee']:.4f}"")  print(""\nRules with max fee for ACI C:"") for item in a",Rules with max fee for ACI B:   Rule 355: fee=1.0800  Rules with max fee for ACI C:   Rule 355: fee=1.0800  ['B'] ,ok
1489,aci_format,hard,"5, 9, 20, 28, 29, 30, 48, 58, 61, 67, 76, 84, 90, 96, 101, 108, 110, 120, 122, 1","5, 9, 20, 28, 29, 30, 48, 58, 61 67 76 84 90 96 101 108 110 120 122 128 131 140 ",4,0,5,"print(', '.join(map(str, sorted(fee_ids))))","5, 9, 20, 28, 29, 30, 48, 58, 61, 67, 76, 84, 90, 96, 101, 108, 110, 120, 122, 128, 131, 140, 152, 161, 177, 181, 188, 196, 199, 205, 209, 212, 213, 216, 223, 227, 247, 262, 267, 274, 279, 284, 290, 3",ok
1519,date_specific,hard,GlobalCard,SwiftCharge,13,0,1,import pandas as pd import json import numpy as np  fees = json.load(open(context_path('fees.json'))) payments = pd.read_csv(context_path('payments.csv')) merchants = {m['merchant']: m for m in json.load(open(context_path('merchant_data.json')))}  payments_eval = payments.copy() payments_eval['intra,SwiftCharge ,ok
1594,delta_what_if,hard,0.622901,0.710588,5,0,1,"# Final answer rounded to 6 decimals print(f""{average_fee:.6f}"")",0.710588 ,ok
1646,delta_what_if,hard,23.653151,25.839160,5,0,1,"print(f""{round(avg_fee, 6):.6f}"") ",25.839160 ,ok
1683,fee_rule,hard,"51, 64, 231, 249, 381, 384, 454, 473, 477, 572, 813","36, 51, 53, 64, 65, 107, 123, 150, 163, 231, 249, 276, 286, 347, 381, 384, 394, ",19,0,16,"# The question is asking for Fee IDs applicable to Belles_cookbook_store for the 100th day of 2023. # We found 34 applicable fees. # The only caveat is capture_delay. The merchant_data says capture_delay = '1'. # Fee values for capture_delay: '<3', '3-5', '>5', 'immediate', 'manual'. None other. # S","April total: 107343.79 fraud: 9817.460000000001 ratio: 9.145810856873975 Day 100 count: 40 Day 100 card schemes: {'GlobalCard': 13, 'NexPay': 12, 'TransactPlus': 11, 'SwiftCharge': 4} Day 100 aci: {'D",ok
1709,fee_rule,hard,"17, 107, 123, 163, 183, 286, 304, 384, 427, 428, 454, 477, 595, 626, 634, 701, 7","17, 107, 123, 163, 183, 286, 304, 384, 398, 427, 428, 454, 477, 531, 595, 602, 6",15,0,3,"# Let's verify a few specific matches to ensure correctness # Check transaction GlobalCard, False, E, False (intracountry=False) # Should match fee 813 (GlobalCard, any account_type, any capture_delay, any mcc, is_credit=False, any aci, any intracountry) # And fee 892 (GlobalCard, any account_type, ","Verification for GlobalCard, False, E, False: Fee 813: card_scheme=GlobalCard, account_type=[], capture_delay=None, mcc=[], is_credit=False, aci=[], intracountry=None   - card_scheme matches: GlobalCa",ok
1739,fee_rule,hard,51.15,′7′,24,0,25,"# So there are indeed missing rules for certain combinations. # Specifically: # - GlobalCard + True + E (15 txns total) # - GlobalCard + True + G (3 txns) # - NexPay + False + B (1 txn) # - NexPay + False + E (8 txns) # - NexPay + False + G (1 txn) # - SwiftCharge + True + G (2 txns)  # Wait, but fo",Default rules (all wildcards): 0  Partial default rules (only card_scheme specified): 0 ,ok
1744,fee_rule,hard,"12, 16, 36, 38, 51, 64, 65, 79, 84, 95, 107, 123, 134, 141, 150, 154, 162, 163, ","12, 38, 84, 134, 162, 187, 217, 257, 280, 300, 332, 364, 367, 431, 433, 459, 491",17,0,1,"# My analysis looks correct. Let me just make sure the answer format is exactly right. # The task says: ""Answer must be a list of values in comma separated list, eg: A, B, C""  answer = ', '.join(map(str, sorted(list(all_applicable_fee_ids)))) print(answer)","12, 38, 84, 134, 162, 187, 217, 257, 280, 300, 332, 364, 367, 431, 433, 459, 491, 503, 547, 612, 616, 622, 637, 640, 648, 660, 682, 702, 721, 769, 834, 858, 863, 878, 891, 899, 913, 921, 980 ",ok
1750,fee_rule,hard,17302.64,Now let me read the payments README:,25,0,1,"# There are MULTIPLE matching rules for many transaction types! # This means there's an ambiguity in which fee to apply. # Typically in such cases, the most specific rule wins (the one with the most non-null conditions) # Or there might be a priority/order.  # Wait - I also noticed ID=709 matches, b","ID=709: conditions=['card_scheme=GlobalCard', 'is_credit=False', ""aci=['A', 'B', 'C']""], num=3, fixed=0.12, rate=17 ID=741: conditions=['card_scheme=GlobalCard', 'is_credit=False', ""aci=['A']""], num=3",ok
1771,fee_rule,hard,"29, 36, 51, 64, 65, 89, 107, 123, 150, 163, 276, 304, 381, 384, 428, 454, 473, 4","29, 36, 51, 64, 65, 89, 107, 123, 150, 163, 276, 304, 381, 384, 428, 454, 473, 4",16,0,1,"# Print the final answer as a comma-separated list answer = "", "".join(map(str, sorted(final_applicable_ids))) print(answer)","29, 36, 51, 64, 65, 89, 107, 123, 150, 163, 276, 304, 381, 384, 428, 454, 473, 477, 536, 572, 595, 626, 678, 680, 704, 709, 741, 792, 813, 861, 871, 884 ",ok
1775,fee_rule,hard,"36, 51, 53, 64, 107, 123, 150, 163, 276, 304, 381, 384, 394, 428, 454, 473, 477,",缓缓In pol pol缓缓缓缓 缓缓  minus rate 缓缓aly缓缓缓缓缓缓缓缓缓缓 缓缓缓缓 but缓缓 缓缓 缓缓  minus 缓缓 缓缓 缓缓,0,0,1,,,ok
1810,fee_rule,hard,"36, 51, 65, 107, 123, 141, 150, 163, 183, 276, 286, 304, 359, 384, 427, 428, 454",I'll follow the required workflow to find the applicable Fee IDs for Rafa_AI in ,2,0,3,print(open(context_path('payments-readme.md')).read()),This is documentation for the payments.csv dataset   - **Description**: Synthetic dataset of payment transactions processed by the Payments Processor. - **Columns**:   - `psp_reference`: Unique paymen,ok
2132,delta_what_if,hard,0.61,0.60827000000000,14,0,2,"# Final verification of the answer # The question asks for the delta if the relative fee of fee ID=65 changes to 99 # Fee 65: rate=34, fixed_amount=0.03 # ""relative fee"" refers to the rate-based component: rate * transaction_value / 10000 # Changing rate from 34 to 99 means delta = (99-34) * sum(eur",0.60827000000000 ,ok
2439,delta_what_if,hard,-15.35,-15.343604,17,0,2,"# Need to be more careful about floating point precision # Let's use decimal for exact calculation from decimal import Decimal, getcontext getcontext().prec = 50  fixed = Decimal('0.04') current_rate = Decimal('75') new_rate = Decimal('1')  total_delta_decimal = Decimal('0') for _, row in matches.it",Decimal delta: -15.343604 Float delta: -15.343604 Rounded to 14 decimals: -15.343604 Direct decimal delta: -15.343604 Rounded to 14 decimals: -15.343604 ,ok
2491,delta_what_if,hard,-2.5,-2.29402800000000,21,0,2,"# Let me re-check the rounding to exactly 14 decimals. delta = -2.2940280000000004 print(f""{delta:.14f}"")",-2.29402800000000 ,ok
2499,delta_what_if,hard,-26.74124100000000,44.82037800000000,18,0,3,"# Final verification and answer # The question asks for the delta if the relative fee of fee ID=595 changed to 1 # Fee 595: fixed=0.08, rate=62 # ""Relative fee"" = rate * amount / 10000 # If changed to 1: new relative fee = 1 (per transaction) #  # For 72 matching transactions: # Old total relative f",44.820378 ,ok
2507,delta_what_if,hard,-53.25,RLRLRLRLRLRLRLRLRL MATRLRLRLRLRLRLVALUE RLRLRLRLRLRLRLRLRLOTRLRLRLRLRLRLRLRLRLRL,12,0,13,"# Check if there are any floating point precision issues # Let's look at the exact sum more carefully print(f""Sum of eur_amount: {matched_copy['eur_amount'].sum()}"") print(f""Sum of eur_amount * 74 / 10000: {matched_copy['eur_amount'].sum() * 74 / 10000}"")  # Let's use high precision total_eur = matc",Sum of eur_amount: 7199.780000000001 Sum of eur_amount * 74 / 10000: 53.27837200000001 Total eur: 7199.780000000001 Total fee delta: -53.27837200000001 Total fee delta rounded 14: -53.27837200000001 D,ok
2521,date_specific,hard,"""""",The merchants affected by Fee ID 1 in 2023 would need to have merchant category ,7,0,2,"# No merchants have MCCs matching Fee 1's requirements # Therefore, no merchants in 2023 (or ever) could be affected by Fee 1  # Let's double check by looking at transactions in 2023 with matching criteria # But since merchant_category_code is a merchant attribute, and no merchants have matching MCC", ,ok
2532,delta_what_if,hard,8001.981776,8603.05278,21,0,1,print(8603.05278),8603.05278 ,ok
2533,delta_what_if,hard,27899.158020,-3149.626561,22,0,1,# Final verification - let me make sure the computation is correct by doing it in a clean way  # Reload everything fresh import pandas as pd import json  payments = pd.read_csv(context_path('payments.csv')) crossfit_2023 = payments[(payments['merchant'] == 'Crossfit_Hanna') & (payments['year'] == 20,Total fees MCC 7997: 28387.852745000066 Total fees MCC 8062: 25238.226184000032 Delta: -3149.6265610000337 Rounded to 6 decimals: -3149.626561 ,ok
2535,delta_what_if,hard,18657.348907,3548.025499,21,0,1,"print(f""{3548.025499:.6f}"")",3548.025499 ,ok
2536,delta_what_if,hard,26210.609907,1393.434437,39,0,1,"# Let me do one final comprehensive check to make sure everything is correct.  # 1. Verify merchant data print(""Merchant data:"") print(merchant_info)  # 2. Verify that MCC 7997 has no specific rules rules_7997 = [f for f in fees if f['merchant_category_code'] is not None and 7997 in f['merchant_cate","Merchant data: {'merchant': 'Crossfit_Hanna', 'capture_delay': 'manual', 'acquirer': ['gringotts', 'the_savings_and_loan_bank', 'bank_of_springfield', 'dagoberts_vault'], 'merchant_category_code': 799",ok
2550,delta_what_if,hard,7885.871004,6309.44649,14,0,1,"# Let me verify the calculation one more time using a completely different approach # to make sure there are no bugs  # Create a lookup function def find_fee_rule(tx_row, monthly_levels_dict, fee_rules):     month = int(tx_row['month'])     levels = monthly_levels_dict[month]          for rule in fe","Total fee v2: 6309.446490000031 Matched: 9485, Unmatched: 18211 Delta: 6309.446490000031  MCC 7372 fee rules: 0 MCC 5911 fee rules: 118  Final answer: 6309.44649 ",ok
2634,date_specific,hard,NexPay:382.85,告诉我行于本于。,0,0,1,,,ok
2644,date_specific,hard,NexPay:347.81,TransactPlus:616.46,62,0,1,"# The calculation is verified multiple times # TransactPlus is the only card scheme that has fee rules covering all 1212 July transactions # Total fee: 616.46  print(""TransactPlus:616.46"") ",TransactPlus:616.46 ,ok
2703,aci_format,hard,D,B:120.08,20,0,1,"# The output format asks for {card_scheme}:{fee}. The task instructions say  # ""Answer must be just the selected ACI to incentive and the associated cost"" # The selected ACI is B, and the cost is 120.08.  # But wait - maybe I need to reconsider the output. The variable in the template is # called 'c","Final verification - ACIs with full coverage for all 287 fraud transactions: ACI A: 205/287 covered, total fee = 99.438037 if covered all ACI B: 287/287 covered, total fee = 120.084545 if covered all ",ok
2715,aci_format,hard,D,C:21.60,23,0,1," # The answer should be C:21.60 # ACI C has the lowest total fee of 21.60 for all fraudulent transactions.  print(""C:21.60"") ",C:21.60 ,ok
2740,aci_format,hard,D,C:17.19,24,0,1,"# Wait, let me reconsider whether the answer should be total or average. # The question says ""associated cost"" - for moving 86 transactions. # But the format says {card_scheme}:{fee} using singular 'fee'.  # Also, let me check if maybe the question is asking per card scheme? # ""what would be the pre",C:17.19 ,ok
67,other,easy,"monthly_volume, capture_delay","capture_delay, monthly_volume, intracountry",14,0,1,"# Let me reconsider the question one more time. # ""Which factors contribute to a cheaper fee rate if the factors' value is increased?""  # I want to make sure I'm interpreting ""increased"" correctly for each factor.  # For capture_delay: # Values: immediate, <3, 3-5, >5, manual # The manual says ""fast","capture_delay, monthly_volume, intracountry ",ok
68,other,easy,monthly_fraud_level,"monthly_fraud_level, is_credit",10,0,1,"# The data shows many contradictions with the manual, but let's focus on what the MANUAL explicitly states. # The question asks: ""Which factors contribute to a cheaper fee rate if the factors' value is decreased?"" # This asks about the domain knowledge / relationship directionality.  # Based on the ","monthly_fraud_level, is_credit ",ok
1444,aci_format,hard,['C'],['E'],5,0,6,print(['E']) ,['E'] ,ok
1445,aci_format,hard,['C'],A,6,0,1,"# The answer should be the ACI with lowest alphabetical order among those with max fee # A, C, E all tie at 0.1483 # Lowest alphabetical is A print('A')",A ,ok
1446,aci_format,hard,B,A,6,0,1,"# Verify the fee rules that give the max fee for A and C print(""Fee rules with max fee (0.1493):"") for fee in relevant_fees:     if abs(fee['fee'] - 0.1493) < 0.0001:         print(f""ID: {fee['ID']}, fee: {fee['fee']}, ACIs: {fee['aci_list']}, fixed: {fee['fixed_amount']}, rate: {fee['rate']}"")  pri","Fee rules with max fee (0.1493): ID: 744, fee: 0.14930000000000002, ACIs: ['C', 'A'], fixed: 0.14, rate: 93 ID: 788, fee: 0.1492, ACIs: ['C'], fixed: 0.14, rate: 92  Final answer: A ",ok
1448,aci_format,hard,['C'],['E'],11,0,12,"# The most expensive ACI is ['E'] # The guidelines say: ""Answer must be just one letter. Provide the response in a list even if there is only one value.""  print(['E']) ",['E'] ,ok
1450,aci_format,hard,B,['A'],8,0,1,"# Both A and C reach the maximum fee of 0.233 (from rule ID 744 which includes both A and C in aci list). # Since it's a draw, we return the ACI with the lowest alphabetical order: A < C. # The answer must be in a list format, and as a single letter.  answer = ['A'] print(answer)",['A'] ,ok
1451,aci_format,hard,B,['F'],5,0,1,"# Verify by finding which rule gives max fee for ACI F for fee in filtered:     if 'F' in fee['aci'] or fee['aci'] == []:         fee_value = fee['fixed_amount'] + (fee['rate'] * 100 / 10000)         if fee_value == 1.11:             print(f""Rule with max fee: ID={fee['ID']}, aci={fee['aci']}, fixed"," Confirming ACIs present in rules: All ACIs found in rules: ['A', 'B', 'C', 'D', 'E', 'F', 'G']  Final answer: ['F'] ",ok
1454,aci_format,hard,B,E,7,0,8,"print(""E"")",E ,ok
1455,aci_format,hard,B,F,5,0,6,"# The task asks for the response in a list, and the guidelines say: # ""List answer: print only the items, comma-separated as requested. No prose, no markdown bold, no bullets.""  # But the guidelines also say ""Answer must be just one letter."" # This is a bit contradictory - list but just one letter. ",F ,ok
1456,aci_format,hard,['C'],E,6,0,1," # The question asks for the most expensive ACI for a credit transaction of 1000 euros on NexPay. # We found ACI E has the highest maximum fee of 10.03 euros. # The answer should be in a list format, and the guidelines say ""Answer must be just one letter"" # but also ""Provide the response in a list e",E ,ok
1458,aci_format,hard,B,E,6,0,1,"# The guidelines say: ""Answer must be just one letter."" # The most expensive ACI is E. # We need to provide the response in a list even if there is only one value. # But then it also says ""Answer must be just one letter."" #  # Let me re-read the guidelines carefully: # ""Provide the response in a lis",E ,ok
1459,aci_format,hard,B,F,20,0,1,"# Actually, looking at the exact task wording again: # ""Provide the response in a list even if there is only one value."" # This seems to literally want a Python-style list output. Let me check what the examples might suggest.  # The system says: ""List answer: print only the items, comma-separated as",F ,ok
1460,aci_format,hard,['C'],E,16,0,1,"# The answer is E. Let me format it as a list as requested. print(""E"")",E ,ok
1461,aci_format,hard,['C'],E,10,0,7,"# The task says: ""Provide the response in a list even if there is only one value."" # And also: ""Answer must be just one letter."" # These two guidelines seem contradictory but the first says ""in a list"" and the second says ""just one letter."" # Looking at the question: ""what would be the most expensiv",E ,ok
1462,aci_format,hard,B,E,6,0,5,"# The guidelines say ""Provide the response in a list even if there is only one value"" # But also say ""Answer must be just one letter"" # Let me re-read: ""Provide the response in a list even if there is only one value."" # And at the bottom: ""Guidelines: Answer must be just one letter.""  # Wait, let me",E ,ok
2121,delta_what_if,hard,0.1,-0.10269600000000,11,0,4,"# Final verification and clean output # The delta is the change in fees when rate changes from 34 to 1 for fee ID 65 # Fee formula: fee = fixed_amount + rate * transaction_value / 10000 # For the 2 matching transactions: #   amounts: 12.20 and 18.92 #   current fees: 0.03 + 34*12.20/10000 = 0.07148,",-0.10269600000000 ,ok
2404,delta_what_if,hard,0.01,0.015666,11,0,11,"# Let's verify the calculation step by step print(""Transaction amounts:"") for idx, row in matched_txns.iterrows():     print(f""  {row['eur_amount']} * 98 / 10000 = {row['eur_amount'] * 98 / 10000}"")     print(f""  {row['eur_amount']} * 99 / 10000 = {row['eur_amount'] * 99 / 10000}"")     print(f""  del",Transaction amounts:   31.28 * 98 / 10000 = 0.306544   31.28 * 99 / 10000 = 0.309672   delta = 0.0031280000000000197   45.42 * 98 / 10000 = 0.445116   45.42 * 99 / 10000 = 0.449658   delta = 0.0045419,ok
2571,date_specific,hard,Rafa_AI,"Belles_cookbook_store, Rafa_AI",7,0,1,"# The question: ""During 2023, imagine if the Fee with ID 787 was only applied to account type R, which merchants would have been affected by this change?"" #  # The change means: # - Fee 787 currently applies to account_type D # - Hypothetically, Fee 787 would ONLY apply to account_type R #  # ""Affec","Belles_cookbook_store, Rafa_AI ",ok
2573,date_specific,hard,Rafa_AI,Martinis_Fine_Steakhouse,9,0,3,"# Let's verify: the question asks which merchants would be affected if Fee 787 was only applied to account type H. # Fee 787 currently applies to account_type D. Under the hypothetical, it applies to account_type H. # Affected merchants are those with account_type H whose 2023 transactions match the",Martinis_Fine_Steakhouse ,ok
2574,date_specific,hard,Rafa_AI,"Crossfit_Hanna,Golfclub_Baron_Friso,Rafa_AI",11,0,1,# The question asks which merchants would be affected by the change # The affected merchants are those where the fee applicability changes # Crossfit_Hanna and Golfclub_Baron_Friso would start having fee 787 applied # Rafa_AI would stop having fee 787 applied  # All three are affected by this change,"Crossfit_Hanna,Golfclub_Baron_Friso,Rafa_AI ",ok
2583,date_specific,hard,TransactPlus:2705.92,TransactPlus:1258.94,20,0,1,"print(""TransactPlus:1258.94"")",TransactPlus:1258.94 ,ok
2608,date_specific,hard,NexPay:62.44,NexPay:5.68,11,0,5,"import pandas as pd import numpy as np import json  # Load all data df = pd.read_csv(context_path('payments.csv')) with open(context_path('merchant_data.json'), 'r') as f:     merchant_data = json.load(f) with open(context_path('fees.json'), 'r') as f:     fees = json.load(f)  # Filter for Belles_co",NexPay:5.68 ,ok
2691,date_specific,hard,TransactPlus:3458.48,TransactPlus:2345.67,35,0,1,"# Let me do one final sanity check. The question is about December only. # I filtered to day_of_year 335-365 for 2023. # Let me verify these are indeed December days.  from datetime import datetime, timedelta start_date = datetime(2023, 1, 1) + timedelta(days=334)  # day 335 end_date = datetime(2023",Day 335: 2023-12-01 Day 365: 2023-12-31  Unique merchants containing 'Golf': ['Golfclub_Baron_Friso']  Total December transactions for Golfclub_Baron_Friso: 2348 Total December volume: 219564.75 Fee p,ok
